lineNumber;date;time;countSpec;countFac;countGr;countPers;countCounter;countStud;countContracts;countErrors;countExcep;totalNumberCreate;totalNumberUpdate;createSpec;createFac;createGr;createPers;createCitizenship;createPasport;createInfo;createHistory;createCountry;createCounter;createStud;createContracts;updateSpec;updateFac;updateGr;updatePers;updateCounter;updateStud;updateContracts
1;16.10.2024 1:30;139;108;16;680;5122;5122;5130;5079;0;0;24;2;0;0;0;2;2;2;10;2;0;2;2;2;0;0;2;0;0;0;0
2;17.10.2024 1:30;193;108;16;680;5121;5121;5129;5079;0;1;3;4;0;0;0;0;0;0;3;0;0;0;0;0;0;0;2;0;0;1;1
3;18.10.2024 12:55;189;108;16;680;5138;5138;5146;5078;0;0;164;44;0;0;2;3;19;20;75;20;0;3;19;3;0;0;1;17;18;5;3
4;21.10.2024 10:17;217;108;16;680;5138;5138;5146;5080;0;0;458;8;0;0;0;24;24;24;106;24;0;24;68;164;0;0;2;2;2;2;0
5;21.10.2024 10:31;227;108;16;680;5138;5138;5146;5080;0;0;0;2;0;0;0;0;0;0;0;0;0;0;0;0;0;0;2;0;0;0;0
6;23.10.2024 10:17;212;107;16;678;5139;5139;5147;5159;0;0;74;8;0;0;0;4;7;7;26;7;0;3;7;13;0;0;1;3;4;0;0
7;23.10.2024 10:22;188;107;16;678;5139;5139;5147;5159;0;0;0;2;0;0;0;0;0;0;0;0;0;0;0;0;0;0;2;0;0;0;0
8;23.10.2024 10:28;180;107;16;678;5139;5139;5147;5159;0;0;0;2;0;0;0;0;0;0;0;0;0;0;0;0;0;0;2;0;0;0;0
9;23.10.2024 15:54;174;107;16;678;5145;5145;5153;5166;0;0;90;12;0;0;0;7;9;9;35;9;0;7;9;5;0;0;2;2;2;0;6
10;24.10.2024 1:30;242;107;16;677;5145;5145;5153;5166;0;0;12;2;0;0;0;1;1;1;5;1;0;1;1;1;0;0;2;0;0;0;0
11;25.10.2024 1:30;180;107;16;675;5145;5145;5153;5168;0;0;1;1;0;0;0;0;0;0;0;0;0;0;0;1;0;0;1;0;0;0;0
12;26.10.2024 1:30;171;107;16;674;5144;5144;5152;5167;0;0;20;0;0;0;0;2;2;3;5;2;0;2;2;2;0;0;0;0;0;0;0
13;27.10.2024 1:30;191;107;16;674;5144;5144;5152;5167;0;0;0;0;0;0;0;0;0;0;0;0;0;0;0;0;0;0;0;0;0;0;0
14;28.10.2024 1:30;189;107;16;674;5144;5144;5152;5167;0;0;0;0;0;0;0;0;0;0;0;0;0;0;0;0;0;0;0;0;0;0;0
15;29.10.2024 1:30;194;107;16;674;5144;5144;5152;5167;0;0;0;1;0;0;0;0;0;0;0;0;0;0;0;0;0;0;0;1;0;0;0
16;30.10.2024 1:30;197;107;16;672;5143;5143;5151;5162;0;0;1;1;0;0;0;0;0;0;1;0;0;0;0;0;0;0;0;1;0;0;0
17;30.10.2024 9:33;195;107;16;672;5143;5143;5151;5162;0;0;0;0;0;0;0;0;0;0;0;0;0;0;0;0;0;0;0;0;0;0;0
18;31.10.2024 1:30;212;107;16;672;5140;5140;5148;5162;0;0;24;1;0;0;0;2;2;2;9;2;0;1;1;5;0;0;0;0;1;0;0
19;01.11.2024 1:30;190;107;16;672;5140;5140;5148;5163;0;0;5;3;0;0;0;0;0;3;0;1;0;0;0;1;0;0;0;1;1;1;0
20;02.11.2024 1:30;196;107;16;669;5134;5134;5142;5157;0;0;14;1;0;0;0;1;1;1;7;1;0;1;1;1;0;0;0;1;0;0;0
21;03.11.2024 1:30;196;107;16;669;5135;5135;5143;5156;0;0;29;0;0;0;0;2;2;5;12;2;0;2;2;2;0;0;0;0;0;0;0
22;04.11.2024 1:30;202;107;16;669;5135;5135;5143;5156;0;0;0;0;0;0;0;0;0;0;0;0;0;0;0;0;0;0;0;0;0;0;0
23;05.11.2024 1:30;196;107;16;669;5135;5135;5143;5156;0;0;0;0;0;0;0;0;0;0;0;0;0;0;0;0;0;0;0;0;0;0;0
24;07.11.2024 1:30;195;107;16;667;5129;5129;5137;5149;0;0;29;5;0;0;0;0;1;4;7;2;0;0;5;8;0;0;0;2;2;1;0
25;08.11.2024 1:30;199;107;16;665;5127;5127;5135;5147;0;0;9;2;0;0;0;0;1;2;4;1;0;0;1;0;0;0;0;1;1;0;0
26;09.11.2024 1:30;199;107;16;666;5140;5140;5148;5144;0;0;138;21;0;0;0;7;16;16;58;16;0;6;16;3;0;0;2;9;10;0;0
27;10.11.2024 1:30;236;107;16;666;5140;5140;5148;5144;0;0;0;2;0;0;0;0;0;0;0;0;0;0;0;0;0;0;2;0;0;0;0
28;11.11.2024 1:30;229;107;16;666;5140;5140;5148;5144;0;0;0;2;0;0;0;0;0;0;0;0;0;0;0;0;0;0;2;0;0;0;0
29;12.11.2024 1:30;232;107;16;666;5140;5140;5148;5178;0;2;18;24;0;0;0;0;0;3;2;0;0;0;0;12;0;0;2;0;0;22;0
30;13.11.2024 1:30;239;107;16;665;5137;5137;5145;5174;0;0;220;32;0;0;0;9;23;32;87;22;0;8;19;20;0;0;2;15;13;2;0
31;15.11.2024 1:30;210;107;16;665;5137;5137;5145;5173;0;1;4;2;0;0;1;0;0;1;2;0;0;0;0;0;0;0;2;0;0;0;0
32;16.11.2024 1:30;197;107;16;665;5136;5136;5144;5172;0;1;3;0;0;0;1;0;0;0;1;0;0;0;0;1;0;0;0;0;0;0;0
33;17.11.2024 1:30;213;107;16;665;5136;5136;5144;5172;0;1;1;2;0;0;1;0;0;0;0;0;0;0;0;0;0;0;2;0;0;0;0
34;18.11.2024 1:30;203;107;16;665;5136;5136;5144;5172;0;1;1;0;0;0;1;0;0;0;0;0;0;0;0;0;0;0;0;0;0;0;0
35;19.11.2024 1:30;206;107;16;665;5130;5130;5138;5165;0;0;-1;1;0;0;0;0;0;0;0;0;0;0;0;0;0;0;0;0;0;1;0
36;20.11.2024 1:30;221;107;16;665;5130;5130;5138;5163;0;0;50;7;0;0;0;4;4;6;19;5;0;4;4;4;0;0;0;1;2;2;2
37;21.11.2024 1:30;230;107;16;665;5130;5130;5268;5163;4;0;18;17;0;0;0;0;0;2;12;0;0;0;4;0;0;0;0;0;0;15;2
38;22.11.2024 1:30;218;107;16;665;5260;5260;5268;5162;0;0;262;98;0;0;0;4;52;51;92;53;0;4;3;3;0;0;0;46;48;4;0
39;24.11.2024 1:30;249;107;16;666;5261;5261;5269;5160;0;0;15;4;0;0;1;1;1;1;5;1;0;1;1;3;0;0;0;1;0;3;0
40;25.11.2024 1:30;241;107;16;666;5127;5127;5135;5160;2;6;9;4;0;0;0;0;0;1;0;0;0;1;1;6;0;0;0;0;0;2;2
41;26.11.2024 1:30;235;107;16;664;5261;5261;5269;5159;0;0;7;3;0;0;0;0;0;0;6;0;0;0;0;1;0;0;0;0;0;3;0
42;27.11.2024 1:30;246;107;16;664;5255;5255;5263;5153;0;0;41;2;0;0;27;1;2;2;5;1;0;1;1;1;0;0;0;1;0;0;1
43;28.11.2024 1:30;240;107;16;665;5255;5255;5263;5127;0;0;2;3;0;0;0;0;0;0;2;0;0;0;0;0;0;0;0;2;0;0;1
44;29.11.2024 1:30;238;107;16;664;5255;5255;5263;5126;0;0;5;6;0;0;0;0;0;0;4;1;0;0;0;0;0;0;0;2;1;3;0
45;30.11.2024 1:30;231;107;16;664;5255;5255;5263;5125;0;0;259;5;0;0;0;0;0;0;0;1;0;0;0;0;0;0;0;2;1;2;0
46;01.12.2024 1:30;350;107;16;664;5255;5255;5263;5126;0;0;1;0;0;0;0;0;0;0;0;0;0;0;0;1;0;0;0;0;0;0;0
47;02.12.2024 1:30;384;107;16;664;5255;5255;5263;5126;0;0;0;0;0;0;0;0;0;0;0;0;0;0;0;0;0;0;0;0;0;0;0
48;03.12.2024 1:30;432;107;16;664;5254;5254;5262;5125;0;0;9;2;0;0;0;0;0;1;5;0;0;0;0;0;0;0;0;2;0;0;0
49;03.12.2024 1:40;479;107;16;664;5254;5254;5262;5125;0;0;0;0;0;0;0;0;0;0;0;0;0;0;0;0;0;0;0;0;0;0;0
50;03.12.2024 13:45;186;107;16;665;5254;5254;5262;5123;0;0;10;4;0;0;0;0;0;1;0;0;0;0;0;4;0;0;0;0;0;4;0
51;04.12.2024 1:30;467;107;16;664;5254;5254;5262;5122;0;0;2;1;0;0;0;0;0;0;0;0;0;0;0;0;0;0;0;0;0;1;0
52;05.12.2024 1:30;523;107;16;664;5254;5254;5262;5122;0;0;9;1;0;0;0;0;1;0;2;0;0;0;0;1;0;0;0;0;0;1;0
53;06.12.2024 1:30;548;107;16;664;5255;5255;5263;5116;0;0;34;11;0;0;0;1;1;1;20;1;0;1;1;2;0;0;0;5;0;6;0
54;07.12.2024 1:30;616;107;16;664;5254;5254;5262;5109;0;0;16;7;0;0;6;0;0;0;7;0;0;0;0;2;0;0;0;0;0;7;0
55;08.12.2024 1:30;527;107;16;664;5254;5254;5262;5109;0;0;0;0;0;0;0;0;0;0;0;0;0;0;0;0;0;0;0;0;0;0;0
56;09.12.2024 1:30;631;107;16;664;5254;5254;5262;5109;0;0;0;0;0;0;0;0;0;0;0;0;0;0;0;0;0;0;0;0;0;0;0
57;10.12.2024 1:30;709;107;16;663;5253;5253;5261;5105;0;0;23;1;0;0;0;1;1;1;7;1;0;1;1;1;0;0;0;0;0;1;0
58;11.12.2024 1:30;668;107;16;661;5253;5253;5261;5082;0;0;24;21;0;0;0;0;0;1;8;0;0;0;0;0;0;0;0;0;0;21;0
59;12.12.2024 1:30;657;107;16;661;5254;5254;5262;5081;0;0;124;141;0;0;0;0;19;20;69;12;0;0;1;1;0;0;0;22;66;27;26
60;13.12.2024 1:30;754;107;16;662;5255;5255;5263;5083;0;0;27;102;0;0;1;1;3;3;10;3;0;1;1;2;0;0;0;2;54;21;25
61;14.12.2024 1:31;786;107;16;658;5253;5253;5261;5072;0;0;17;111;0;0;0;0;1;3;6;1;0;0;1;1;0;0;0;1;50;32;28
62;15.12.2024 1:31;821;107;16;658;5253;5253;5261;5072;0;0;0;127;0;0;0;0;0;0;0;0;0;0;0;0;0;0;0;0;66;32;29
63;16.12.2024 1:39;847;107;16;658;5253;5253;5261;5072;0;0;0;0;0;0;0;0;0;0;0;0;0;0;0;0;0;0;0;0;0;0;0
64;17.12.2024 1:30;604;107;16;658;5253;5253;5261;5068;0;0;9;117;0;0;0;0;0;2;0;3;0;0;0;1;0;0;0;3;61;31;22
65;18.12.2024 1:30;893;107;16;658;5253;5253;5261;5062;0;0;2;4;0;0;0;0;0;1;0;0;0;0;0;0;0;0;0;0;0;4;0
66;19.12.2024 1:30;884;107;16;658;5253;5253;5261;5062;0;0;4;0;0;0;0;0;0;2;2;0;0;0;0;0;0;0;0;0;0;0;0
67;20.12.2024 1:30;994;107;16;664;5254;5254;5262;5056;0;0;40;11;0;0;8;1;2;6;4;2;0;1;2;4;0;0;0;1;1;9;0
68;21.12.2024 1:32;973;107;16;664;5254;5254;5262;5046;0;0;9;11;0;0;0;0;0;3;0;0;0;0;0;0;0;0;0;2;1;8;0
69;22.12.2024 1:34;991;107;16;664;5254;5254;5262;5046;0;0;1;0;0;0;0;0;0;1;0;0;0;0;0;0;0;0;0;0;0;0;0
70;23.12.2024 1:30;819;107;16;664;5254;5254;5262;5046;0;0;1;0;0;0;0;0;0;1;0;0;0;0;0;0;0;0;0;0;0;0;0
71;24.12.2024 1:32;1108;107;16;664;5253;5253;5261;5040;0;0;6;1;0;0;1;0;0;1;0;0;0;0;0;0;0;0;0;0;0;1;0
72;25.12.2024 1:30;1031;107;16;665;5260;5260;5268;5045;0;0;61;10;0;0;0;2;6;7;23;3;0;2;6;6;0;0;0;4;4;2;0
73;26.12.2024 1:30;1033;107;16;664;5264;5264;5272;5033;0;0;72;21;0;0;12;3;4;6;17;4;0;3;4;7;0;0;0;2;2;17;0
74;27.12.2024 1:30;1036;107;16;664;5264;5264;5272;5030;0;0;5;3;0;0;1;0;0;2;0;0;0;0;0;0;0;0;0;0;0;3;0
75;28.12.2024 1:30;1094;107;16;664;5264;5264;5272;5030;0;0;3;0;0;0;0;0;0;2;0;0;0;0;0;0;0;0;0;0;0;0;0
76;29.12.2024 1:30;1120;107;16;663;5265;5265;5272;5009;0;0;26;21;0;0;0;1;1;3;0;1;0;1;1;1;0;0;0;0;0;18;3
77;30.12.2024 1:30;1109;107;16;662;5265;5265;5272;5009;0;0;2;0;0;0;0;0;0;2;0;0;0;0;0;0;0;0;0;0;0;0;0
78;31.12.2024 1:30;1150;107;16;662;5265;5265;5272;5009;0;0;2;0;0;0;0;0;0;2;0;0;0;0;0;0;0;0;0;0;0;0;0
79;15.01.2025 11:01;1175;106;16;661;5259;5259;5266;5003;0;0;2;3;0;0;0;0;0;2;0;0;0;0;0;0;0;0;0;0;0;2;1
80;21.01.2025 9:37;1806;106;16;655;5240;5240;5247;4973;0;0;6;4;0;0;0;0;1;2;0;1;0;0;1;1;0;0;0;1;1;1;1
81;22.01.2025 1:30;1894;106;16;655;5240;5240;5247;4967;0;0;18;12;0;0;0;0;0;2;12;0;0;0;0;2;0;0;0;0;0;10;2
82;23.01.2025 1:30;194;106;16;655;5238;5238;5245;4954;0;0;6;20;0;0;0;0;0;1;4;0;0;0;0;0;0;0;0;5;0;13;2
83;24.01.2025 1:30;192;106;16;649;5183;5183;5189;4893;0;223;14;19;0;0;0;0;1;2;8;0;0;0;1;1;0;0;0;9;1;7;2
84;25.01.2025 1:30;207;106;16;649;5183;5183;5189;4919;0;106;30;5;0;0;0;0;0;0;1;0;0;0;0;0;0;0;0;1;0;2;2
85;25.01.2025 12:19;209;106;16;649;5183;5183;5189;4919;0;0;0;4;0;0;0;0;0;0;0;0;0;0;0;0;0;0;0;0;0;2;2
86;26.01.2025 1:30;208;106;16;649;5183;5183;5189;4919;0;0;0;0;0;0;0;0;0;0;0;0;0;0;0;0;0;0;0;0;0;0;0
87;27.01.2025 1:30;171;106;16;649;5183;5183;5189;4919;0;0;0;0;0;0;0;0;0;0;0;0;0;0;0;0;0;0;0;0;0;0;0
88;28.01.2025 1:30;180;106;16;649;5183;5183;5189;4919;0;0;4;4;0;0;0;0;0;0;3;1;0;0;0;0;0;0;0;2;1;1;0
89;29.01.2025 1:30;173;106;16;647;5183;5183;5189;4918;0;0;7;22;0;0;0;0;0;0;1;1;0;0;0;1;0;0;0;2;1;3;16
90;30.01.2025 1:30;183;106;16;645;5183;5183;5189;4894;0;0;24;28;0;0;0;0;0;0;7;0;0;0;0;5;0;0;0;1;0;27;0
91;31.01.2025 1:30;197;106;16;645;5183;5183;5189;4896;0;0;6;5;0;0;0;0;0;0;4;0;0;0;0;1;0;0;0;5;0;0;0
92;01.02.2025 1:30;194;106;16;645;5183;5183;5189;4893;0;0;19;15;0;0;0;0;0;1;8;0;0;0;0;4;0;0;0;3;1;9;2
93;02.02.2025 1:30;195;106;16;645;5183;5183;5189;4894;0;0;2;5;0;0;0;0;0;0;1;0;0;0;0;1;0;0;0;1;0;2;2
94;03.02.2025 1:30;185;106;16;645;5183;5183;5189;4894;0;0;0;4;0;0;0;0;0;0;0;0;0;0;0;0;0;0;0;0;0;2;2
95;04.02.2025 1:30;188;106;16;645;5183;5183;5189;4894;0;0;18;9;0;0;0;1;1;3;5;1;0;1;1;2;0;0;0;2;0;4;3
96;05.02.2025 1:30;179;106;16;640;5158;5158;5164;4856;0;0;27;19;0;0;0;1;2;2;5;2;0;1;2;4;0;0;0;4;1;13;1
97;06.02.2025 1:30;183;106;16;641;5160;5160;5166;4830;0;0;49;32;0;0;0;2;2;3;14;3;0;2;2;4;0;0;0;3;1;26;2
98;07.02.2025 1:30;186;106;16;641;5160;5160;5166;4828;0;0;38;5;0;0;0;0;0;1;36;0;0;0;0;0;0;0;0;1;0;2;2
99;08.02.2025 1:30;190;106;16;641;5160;5160;5166;4827;0;0;16;5;0;0;0;0;0;15;0;0;0;0;0;0;0;0;0;1;0;3;1
100;09.02.2025 1:30;190;106;16;641;5160;5160;5166;4827;0;0;2;4;0;0;0;0;0;2;0;0;0;0;0;0;0;0;0;0;0;2;2
101;10.02.2025 1:30;174;106;16;641;5160;5160;5166;4827;0;0;2;4;0;0;0;0;0;2;0;0;0;0;0;0;0;0;0;0;0;2;2
102;11.02.2025 1:30;191;106;16;641;5160;5160;5166;4833;0;0;12;10;0;0;0;0;0;4;1;1;0;0;0;6;0;0;0;3;1;3;2
103;12.02.2025 1:30;180;106;16;640;5159;5159;5165;4834;0;0;8;9;0;0;0;0;0;3;2;0;0;0;0;2;0;0;0;3;0;2;2
104;13.02.2025 1:30;188;106;16;638;5159;5159;5165;4826;0;0;27;14;0;0;0;0;0;8;9;0;0;0;0;0;0;0;0;4;0;8;0
105;14.02.2025 1:30;176;106;16;636;5163;5163;5169;4816;0;0;67;21;0;0;0;4;4;6;18;4;0;4;4;8;0;0;0;1;0;18;0
106;15.02.2025 1:30;182;106;16;636;5163;5163;5169;4817;0;0;5;7;0;0;0;0;0;2;0;1;0;0;0;1;0;0;0;2;1;2;0
107;16.02.2025 1:30;186;106;16;636;5163;5163;5169;4817;0;0;2;3;0;0;0;0;0;2;0;0;0;0;0;0;0;0;0;1;0;0;0
108;17.02.2025 1:30;189;106;16;636;5163;5163;5169;4817;0;0;2;2;0;0;0;0;0;2;0;0;0;0;0;0;0;0;0;0;0;0;0
109;18.02.2025 1:30;174;106;16;636;5163;5163;5169;4816;0;0;7;7;0;0;0;0;0;2;0;0;0;0;0;2;0;0;0;4;0;3;0
110;19.02.2025 1:30;186;106;16;636;5165;5165;5171;4816;0;0;31;11;0;0;0;2;2;5;10;2;0;2;2;2;0;0;0;8;0;3;0
111;20.02.2025 1:30;183;106;16;636;5165;5165;5171;4804;0;0;26;16;0;0;0;0;0;0;17;0;0;0;0;0;0;0;0;3;0;12;1
112;21.02.2025 1:30;186;106;16;636;5165;5165;5171;4801;0;0;14;7;0;0;0;0;0;1;11;0;0;0;0;0;0;0;0;5;0;2;0
113;22.02.2025 1:30;187;106;16;635;5165;5165;5171;4797;0;0;5;6;0;0;0;0;0;0;4;0;0;0;0;0;0;0;0;3;0;3;0
114;23.02.2025 1:30;204;106;16;635;5165;5165;5171;4797;0;0;0;0;0;0;0;0;0;0;0;0;0;0;0;0;0;0;0;0;0;0;0
115;24.02.2025 1:30;203;106;16;635;5165;5165;5171;4797;0;0;0;0;0;0;0;0;0;0;0;0;0;0;0;0;0;0;0;0;0;0;0
116;25.02.2025 1:30;201;106;16;634;5167;5167;5173;4752;0;0;35;11;0;0;0;2;2;4;14;2;0;2;2;3;0;0;0;5;0;5;1
117;26.02.2025 1:30;198;106;16;634;5170;5170;5176;4734;0;0;64;18;0;0;0;3;3;11;23;3;0;3;3;4;0;0;0;2;0;16;0
118;27.02.2025 1:30;195;106;16;634;5172;5172;5178;4730;0;0;42;4;0;0;0;2;2;7;20;3;0;2;2;2;0;0;0;1;1;2;0
119;28.02.2025 1:30;200;106;16;634;5172;5172;5178;4719;0;0;9;13;0;0;0;0;0;1;0;0;0;0;0;1;0;0;0;1;0;12;0
120;01.03.2025 1:30;170;106;16;629;5134;5134;5140;4677;0;0;21;9;0;0;0;1;1;2;7;2;0;1;1;2;0;0;0;2;1;6;0
121;02.03.2025 1:30;181;106;16;629;5134;5134;5140;4677;0;0;2;1;0;0;0;0;0;1;1;0;0;0;0;0;0;0;0;1;0;0;0
122;03.03.2025 1:30;184;106;16;629;5134;5134;5140;4677;0;0;1;0;0;0;0;0;0;1;0;0;0;0;0;0;0;0;0;0;0;0;0
123;04.03.2025 1:30;178;106;16;625;5134;5134;5140;4676;0;0;12;7;0;0;0;0;0;4;5;0;0;0;0;1;0;0;0;4;0;3;0
124;05.03.2025 1:30;164;106;16;625;5135;5135;5141;4675;0;0;20;7;0;0;0;1;1;2;6;2;0;1;1;2;0;0;0;3;1;3;0
125;06.03.2025 1:30;170;106;16;625;5136;5136;5142;4670;0;0;28;9;0;0;0;1;1;9;9;1;0;1;1;1;0;0;0;3;0;6;0
126;07.03.2025 1:30;155;106;16;625;5136;5136;5142;4674;0;0;12;3;0;0;0;0;0;1;4;0;0;0;0;3;0;0;0;3;0;0;0
127;08.03.2025 1:30;151;106;16;625;5138;5138;5144;4675;0;0;24;2;0;0;0;2;2;4;8;2;0;2;2;2;0;0;0;0;0;2;0
128;09.03.2025 1:30;164;106;16;625;5138;5138;5144;4675;0;0;1;0;0;0;0;0;0;1;0;0;0;0;0;0;0;0;0;0;0;0;0
129;10.03.2025 1:30;168;106;16;625;5138;5138;5144;4675;0;0;1;0;0;0;0;0;0;1;0;0;0;0;0;0;0;0;0;0;0;0;0
130;11.03.2025 1:30;168;106;16;630;5128;5128;5134;4664;0;0;7;7;0;0;3;0;0;2;1;0;0;0;0;0;0;0;0;5;0;2;0
131;12.03.2025 1:30;167;106;16;629;5129;5129;5135;4647;0;0;18;17;0;0;0;1;1;1;4;1;0;1;1;0;0;0;0;0;0;17;0
132;13.03.2025 1:30;164;106;16;629;5134;5134;5140;4645;0;0;75;11;0;0;0;5;6;9;27;5;0;5;6;6;0;0;0;1;1;6;3
133;14.03.2025 1:30;171;106;16;629;5135;5135;5141;4642;0;0;15;2;0;0;0;1;1;1;6;1;0;1;1;0;0;0;0;1;0;1;0
134;15.03.2025 1:30;167;106;16;629;5135;5135;5141;4640;0;0;12;6;0;0;0;0;0;3;4;0;0;0;0;0;0;0;0;4;0;2;0
135;16.03.2025 1:30;178;106;16;629;5135;5135;5141;4640;0;0;2;0;0;0;0;0;0;1;1;0;0;0;0;0;0;0;0;0;0;0;0
136;17.03.2025 1:30;170;106;16;629;5135;5135;5141;4640;0;0;1;0;0;0;0;0;0;1;0;0;0;0;0;0;0;0;0;0;0;0;0
